Name,Sequence,Index,Scale,Purification
5ILL-NNRW0,CTACACGACGCTCTTCCGATCTNNRWNN,--,25nm,STD
anti-5ill-NNRW,WYNNAGATCGGA/3InvdT/,--,100nm,STD
3ill-BC1,CAGACGTGTGCTCTTCCGATCTACACNN,ACAC,25nm,STD
3ill-BC2,CAGACGTGTGCTCTTCCGATCTGTCTNN,GTCT,25nm,STD
3ill-BC3,CAGACGTGTGCTCTTCCGATCTTGGTNN,TGGT,25nm,STD
3ill-BC4,CAGACGTGTGCTCTTCCGATCTCACTNN,CACT,25nm,STD
3ill-BC5,CAGACGTGTGCTCTTCCGATCTGATGNN,GATG,25nm,STD
3ill-BC6,CAGACGTGTGCTCTTCCGATCTTCACNN,TCAC,25nm,STD
3ill-BC7,CAGACGTGTGCTCTTCCGATCTCTGANN,CTGA,25nm,STD
3ill-BC8,CAGACGTGTGCTCTTCCGATCTAAGCNN,AAGC,25nm,STD
3ill-BC9,CAGACGTGTGCTCTTCCGATCTGTAGNN,GTAG,25nm,STD
3ill-BC10,CAGACGTGTGCTCTTCCGATCTGACANN,GACA,25nm,STD
3ill-BC11,CAGACGTGTGCTCTTCCGATCTGTGANN,GTGA,25nm,STD
3ill-BC12,CAGACGTGTGCTCTTCCGATCTAGTCNN,AGTC,25nm,STD
anti-3ill-BC1,GTGTAGATCGGA/3InvdT/,GTGT,100nm,STD
anti-3ill-BC2,AGACAGATCGGA/3InvdT/,AGAC,100nm,STD
anti-3ill-BC3,ACCAAGATCGGA/3InvdT/,ACCA,100nm,STD
anti-3ill-BC4,AGTGAGATCGGA/3InvdT/,AGTG,100nm,STD
anti-3ill-BC5,CATCAGATCGGA/3InvdT/,CATC,100nm,STD
anti-3ill-BC6,GTGAAGATCGGA/3InvdT/,GTGA,100nm,STD
anti-3ill-BC7,TCAGAGATCGGA/3InvdT/,TCAG,100nm,STD
anti-3ill-BC8,GCTTAGATCGGA/3InvdT/,GCTT,100nm,STD
anti-3ill-BC9,CTACAGATCGGA/3InvdT/,CTAC,100nm,STD
anti-3ill-BC10,TGTCAGATCGGA/3InvdT/,TGTC,100nm,STD
anti-3ill-BC11,TCACAGATCGGA/3InvdT/,TCAC,100nm,STD
anti-3ill-BC12,GACTAGATCGGA/3InvdT/,GACT,100nm,STD
P5,AATGATACGGCGACCACCGA,--,25nm,STD
P7,CAAGCAGAAGACGGCATACGA,--,25nm,STD
TruSeq_Un1,AATGATACGGCGACCACCGAGATCTACACATCACGACACTCTTTCCCTACACGACGCTCTTCCGATCT,ATCACG,20nmU,STD
TruSeq_Un2,AATGATACGGCGACCACCGAGATCTACACACTTGAACACTCTTTCCCTACACGACGCTCTTCCGATCT,ACTTGA,20nmU,STD
TruSeq_Un3,AATGATACGGCGACCACCGAGATCTACACTAGCTTACACTCTTTCCCTACACGACGCTCTTCCGATCT,TAGCTT,20nmU,STD
TruSeq_Un4,AATGATACGGCGACCACCGAGATCTACACGGCTACACACTCTTTCCCTACACGACGCTCTTCCGATCT,GGCTAC,20nmU,STD
TruSeq_Un5,AATGATACGGCGACCACCGAGATCTACACTTAGGCACACTCTTTCCCTACACGACGCTCTTCCGATCT,TTAGGC,20nmU,STD
TruSeq_Un6,AATGATACGGCGACCACCGAGATCTACACCGATGTACACTCTTTCCCTACACGACGCTCTTCCGATCT,CGATGT,20nmU,STD
ILL-BC23,CAAGCAGAAGACGGCATACGAGATCCACTCGTGACTGGAGTTCAGACGTGTGCTCTTCCGAT,CCACTC,20nmU,STD
ILL-BC24,CAAGCAGAAGACGGCATACGAGATGCTACCGTGACTGGAGTTCAGACGTGTGCTCTTCCGAT,GCTACC,20nmU,STD
ILL-BC25,CAAGCAGAAGACGGCATACGAGATATCAGTGTGACTGGAGTTCAGACGTGTGCTCTTCCGAT,ATCAGT,20nmU,STD
ILL-BC26,CAAGCAGAAGACGGCATACGAGATGCTCATGTGACTGGAGTTCAGACGTGTGCTCTTCCGAT,GCTCAT,20nmU,STD
ILL-BC27,CAAGCAGAAGACGGCATACGAGATAGGAATGTGACTGGAGTTCAGACGTGTGCTCTTCCGAT,AGGAAT,20nmU,STD
ILL-BC28,CAAGCAGAAGACGGCATACGAGATCTTTTGGTGACTGGAGTTCAGACGTGTGCTCTTCCGAT,CTTTTG,20nmU,STD
ILL-BC29,CAAGCAGAAGACGGCATACGAGATTAGTTGGTGACTGGAGTTCAGACGTGTGCTCTTCCGAT,TAGTTG,20nmU,STD
ILL-BC30,CAAGCAGAAGACGGCATACGAGATCCGGTGGTGACTGGAGTTCAGACGTGTGCTCTTCCGAT,CCGGTG,20nmU,STD